province,name,address,phone,rating,reviews,place_id
Bangkok,ร้านศรัณย์เซ็นเตอร์แอร์ ซอยอารีย์,"3, 9 Soi Phahon Yothin 2, Samsen Nai, Phaya Thai, Bangkok 10400, Thailand",+66 81 658 1456,4.7,30,ChIJFWcTjKae4jARrWpEJV9-lOs
Bangkok,ล้างแอร์ใกล้ฉัน power cool,"202, 230 รามคำแหง 68, Hua Mak, Bang Kapi, Bangkok 10240, Thailand",+66 90 235 3978,4.8,69,ChIJ2YNQsaFhHTER5YMGBRTm-m4
Bangkok,นพดล รุ่งเจริญชัยโชล่าเชลล์แอร์ เซอร์วิส กรุงเทพมหานคร@เพชรบูรณ์,"316 Thanon Prahca Rat Sai 1 Soi 36, Bang Sue, Bangkok 10800, Thailand",+66 95 898 5968,4.8,193,ChIJb_4JY4-b4jARg78_CBzEl8Q
Bangkok,Air Bangkok Engineering,"203 / 2-3 ซอยจอมสมบูรณ์ (ตรอก, Soi Song Phra, Maha Phruttharam, Bang Rak, Bangkok 10500, Thailand",+66 2 235 3535,5,122,ChIJT7FCbdaY4jARfTlmTAGi0-4
Bangkok,ฐาปนีย์ แอร์ เซอร์วิส,"822 Soi Charan Sanitwong 12, Wat Tha Phra, Bangkok Yai, Bangkok 10600, Thailand",+66 2 411 0889,4.8,128,ChIJhSn0nK2Z4jARSfR8RJ9g39s
Bangkok,บริษัท รุ่งเรืองแอร์ จำกัด,"คลังสินค้า) 20 Satri Witthaya 2 Soi 12, Khwaeng Lat Phrao, Lat Phrao, Bangkok 10230, Thailand",+66 2 538 4312,4.7,10,ChIJcW3cHo6d4jAREQsx8iqpBR0
Bangkok,ร้านอะไหล่แอร์บ้าน ติดตั้งแอร์ ขายแอร์มือหนึ่ง ล้างแอร์ ซ่อมแอร์ by YOK AIR,"15 Phet Kasem 48 Alley, Lane 24, Bang Waek, Phasi Charoen, Bangkok 10160, Thailand",+66 85 502 2778,4.8,44,ChIJe_FLL_uX4jARKuQmSlpwmGA
Bangkok,ร้านแอร์บ้าน​เครื่องปรับอากาศ​,"บางจาก, ซอย พงษ์เวชอนุสรณ์, Phra Khanong Tai, Khet Phra Khanong, Bangkok 10260, Thailand",+66 82 378 7422,4.8,23,ChIJVyvKeUWf4jARaHs9tYoJCDg
Bangkok,C.V. AIR / บจก. ซี.วี. เอ็นจิเนียริ่ง แอนด์ คูลลิ่ง เซอร์วิส,"305 Phanitchayakanthonburi Rd, Khwaeng Wat Tha Phra, Khet Bangkok Yai, Bangkok 10600, Thailand",+66 82 457 5521,4.6,10,ChIJl6bfzsGZ4jARHIF6DOPMmKQ
Bangkok,ร้าน99แอร์บ้านราคาถูก รับติดแอร์ ล้างแอร์,"69 20, Maha Sawat, Bang Kruai District, Nonthaburi 11130, Thailand",+66 87 076 0937,4.8,10,ChIJ-8Lq2Nib4jAR1JwdStp8qcY
Bangkok,สวนหลวงแอร์แอนด์เซอร์วิส แอร์บ้านราคาถูก,"77 ซอย เฉลิมพระเกียรติ ร. 9, Nong Bon, Prawet, Bangkok 10250, Thailand",+66 92 747 0011,4.4,85,ChIJa1wQqtBfHTERpCvAn3_lu-g
Bangkok,"Taksin Air & Parts Co.,Ltd.","268, 270,272 Somdet Phra Chao Tak Sin Rd, Bang Yi Ruea, Thon Buri, Bangkok 10600, Thailand",+66 2 472 1136,4.9,15,ChIJm2B8L4mZ4jARlmTg6kfcLg8
Bangkok,อุดมสุขแอร์ซัพพลาย (อุดมสุขอะไหล่แอร์),"673 ซอย 41, Sukhumvit 103 Rd, Bang Chak, Phra Khanong, Bangkok 10260, Thailand",+66 2 746 6411,4.4,118,ChIJH0vOUvtfHTERL_onbw2aRoo
Bangkok,ร้านโชคชัยแอร์บ้าน,"679/3 Soi Lat Phrao 48, Samsen Nok, Huai Khwang, Bangkok 10310, Thailand",+66 87 676 7986,4.9,44,ChIJqUNyQ8-d4jARbD5RVoP5k_o
Bangkok,บริษัท เอพีแอล แอร์ เซอร์วิส แอนด์ คอนสทรัคชั่น จำกัด,"Ratchadaphisek Rd, Din Daeng, Bangkok 10900, Thailand",+66 94 392 2399,4.7,43,ChIJ9zPetcmf4jARzHNRxXzT9ho
Bangkok,บริษัท บี.พี.แอร์เซ็นเตอร์ จำกัด,"99 ซอย สุขุมวิท 103 (อุดมสุข 42), สุขุมวิท, Bang Na Nuea, Bang Na, Bangkok 10260, Thailand",+66 2 399 1628,4.7,12,ChIJQc6uNPtfHTERcDA9rCnXCoY
Bangkok,ล้างแอร์มหานาค ป้อมปราบศัตรูพ่าย,"96 คลองมหานาค, Pom Prap Sattru Phai, 10100, Thailand",+66 89 145 3455,5,38,ChIJnQVCpweZ4jAROGVM7Ow4yFs
Bangkok,ดีพร้อมแอร์ แอร์บ้านราคาถูก,"99 Borommaratchachonnani Rd, Sala Thammasop, Thawi Watthana, Bangkok 10170, Thailand",+66 90 005 0050,4.8,134,ChIJ4cffysqW4jAR_8iiYsYQTDg
Bangkok,แอร์บ้าน ติดตั้ง ล้าง ซ่อม,"☎️0824421277, 191/3 Banthat Thong Rd, Thanon Phetchaburi, Ratchathewi, Bangkok 10400, Thailand",+66 82 442 1277,4.6,10,ChIJR_gK_jOZ4jARIb3NlbVEtNE
Bangkok,ร้านแอร์ สยามเจริญแอร์ แอร์บ้านครบวงจร,"169 Soi Kanchanapisek 8, Bang Khae, Bangkok 10160, Thailand",+66 81 917 7884,4.2,74,ChIJPXKCxWO94jARwYhbm9RBXLM
Samut Prakan,รักช่าง ล้างแอร์ แพรกษา สมุทรปราการ Rak-Chang Air Services Preaksa Samutprakarn,"187/7 หมู่บ้านพฤกษา 136 ซ.แพหมอพัฒนา ต.แพรกษา, Thepharak, Muang, Samut Prakan 10280, Thailand",+66 2 096 6220,4.9,433,ChIJQ0MyQlNZHTEREZjXNjy116g
Samut Prakan,แสงอรุณแอร์,"286, 2-3 Thai Ban, Tambon Pak Nam, Mueang Samut Prakan District, Samut Prakan 10270, Thailand",+66 84 010 8899,5,56,ChIJ2RI2bDan4jARVjjo3F3NDTg
Samut Prakan,อนุวัฒน์ แอร์ เซอร์วิส,"318 เอื้ออาทร, Nai Khlong Bang Pla Kot, Phra Samut Chedi District, Samut Prakan 10290, Thailand",+66 98 253 8323,4.9,35,ChIJnUjdEQCn4jARNHjj41uBt5o
Samut Prakan,สวนหลวงแอร์แอนด์เซอร์วิส แอร์บ้านราคาถูก,"77 ซอย เฉลิมพระเกียรติ ร. 9, Nong Bon, Prawet, Bangkok 10250, Thailand",+66 92 747 0011,4.4,85,ChIJa1wQqtBfHTERpCvAn3_lu-g
Samut Prakan,ร้านแอร์ เอส.พี.คูลลิ่งแอร์,"88 Ramkhamhaeng 2 Soi 23 Yaek 4, Dok Mai, Prawet, Bangkok 10260, Thailand",+66 86 500 2697,5,15,ChIJxf___49gHTERAQxOoisbwqQ
Samut Prakan,บริษัท มิสเตอร์แอร์ทิพวัล จำกัด,"หมู่ที่ 5, 420/30-31, Thepharak Rd, Mueang Samut Prakan District, Samut Prakan 10270, Thailand",+66 2 380 5032,4.8,44,ChIJZ00iLY-g4jARRPvQkQhquWU
Samut Prakan,อุดมสุขแอร์ซัพพลาย (อุดมสุขอะไหล่แอร์),"673 ซอย 41, Sukhumvit 103 Rd, Bang Chak, Phra Khanong, Bangkok 10260, Thailand",+66 2 746 6411,4.4,118,ChIJH0vOUvtfHTERL_onbw2aRoo
Samut Prakan,บริษัท โปรแอร์พัฒนา จำกัด,"419, 5-6 หมู่ที่ 5 Srinagarindra Rd, Samrong Nuea, Mueang Samut Prakan District, Samut Prakan 10270, Thailand",+66 2 748 6452,4.7,44,ChIJ2_pY8jag4jARmG-82NxCxCk
Samut Prakan,บจก. สหชัยแอร์ปากน้ำ,"10/1-2, ซอยบุญศิริ ถนนสุขุมวิท, ตำบลบางเมือง อำเภอเมือง, Samut Prakan 10270, Thailand",+66 83 437 1213,4.4,40,ChIJ1bUpbL2g4jARqz42VXMELG8
Samut Prakan,บริษัท บี.พี.แอร์เซ็นเตอร์ จำกัด,"99 ซอย สุขุมวิท 103 (อุดมสุข 42), สุขุมวิท, Bang Na Nuea, Bang Na, Bangkok 10260, Thailand",+66 2 399 1628,4.7,12,ChIJQc6uNPtfHTERcDA9rCnXCoY
Samut Prakan,พรศิริแอร์บ้าน ขายถูก,"998, 19 หมู่ที่ 6 Thanon Phraeksa, Phraeksa, Mueang Samut Prakan District, Samut Prakan 10280, Thailand",+66 61 986 2046,5,108,ChIJFSoh8JdZHTERJ_NIKO-bMNk
Samut Prakan,ล้างแอร์ ทุ่งครุ,"452/4 Soi Mu Ban P.k. Garden, Na Klua, Phra Samut Chedi District, Samut Prakan 10290, Thailand",+66 62 080 5212,4.3,28,ChIJxwRBGoml4jARY_4Nsnylqrw
Samut Prakan,ล้างแอร์รถยนต์ 399 สาขาแพรกษา,"699, Tambon Phraeksa Mai, Mueang Samut Prakan District, Samut Prakan 10280, Thailand",+66 98 918 5015,5,396,ChIJrYefnl5ZHTERGK7B6JB9WV8
Samut Prakan,หจก.โชคชัย แอร์ แอนด์ เซอร์วิช,"246, 37 Phuchao Saming Phray, Tambon Samrong Klang, Phra Pradaeng District, Samut Prakan 10130, Thailand",+66 96 217 1566,4.5,33,ChIJF2y7C1mg4jARLcky4vrPdo0
Samut Prakan,เอื้อการย์ แอร์,"JG47+3HX เอื้อการย์แอร์, Pracha Uthit Rd, Thung Khru, Bangkok 10140, Thailand",+66 87 075 6021,5,13,ChIJdR7SnPKj4jARlf5e9HugQ0k
Samut Prakan,บีเคซี ครุใน แอร์บ้าน อะไหล่แอร์ เครื่องมือช่าง ติดตั้งแอร์ ล้างแอร์,"78, 19 Khru Nai Rd, Thung Khru, Bangkok 10140, Thailand",+66 2 095 2168,4.7,27,ChIJSbrFoTij4jARALuiaHr-hqA
Samut Prakan,ห้างหุ้นส่วนจำกัดเบสท์ แอร์คูลลิ่ง,"922/6-7 หมู่5, ซอยแบริ่ง ถนนสุขุมวิท107, แขวงสำโรงเหนือ Mueang Samut Prakan District, Samut Prakan 10270, Thailand",+66 63 639 3516,4.4,14,ChIJDdt_7mug4jARy79F9cBhFzY
Samut Prakan,สราวุธแอร์บ้าน,"บางแก้ว, Soi Mu Ban Sairung, Tambon Bang Kaeo, Bang Phli District, Samut Prakan 10540, Thailand",+66 85 315 2712,4.8,26,ChIJnceW_nFfHTERBwSB8mrivr8
Samut Prakan,หจก. บุตราศรีแอร์บ้าน แอนด์ เซอร์วิส,"998, 19 Thanon Phraeksa, Phraeksa, Mueang Samut Prakan District, Samut Prakan 10280, Thailand",+66 92 585 8734,5,21,ChIJ0_oZt_NZHTEREU1R8uXVgyY
Samut Prakan,มิสเตอร์แอร์,"585/6 ม.1 Soi Thepha Niwet 104, Thepharak, Mueang Samut Prakan District, Samut Prakan 10270, Thailand",+66 96 942 4655,4.2,56,ChIJDSrbICVfHTER0NlLCvVjkqE
Nonthaburi,ร้านศรัณย์เซ็นเตอร์แอร์ ซอยอารีย์,"3, 9 Soi Phahon Yothin 2, Samsen Nai, Phaya Thai, Bangkok 10400, Thailand",+66 81 658 1456,4.7,30,ChIJFWcTjKae4jARrWpEJV9-lOs
Nonthaburi,นพดล รุ่งเจริญชัยโชล่าเชลล์แอร์ เซอร์วิส กรุงเทพมหานคร@เพชรบูรณ์,"316 Thanon Prahca Rat Sai 1 Soi 36, Bang Sue, Bangkok 10800, Thailand",+66 95 898 5968,4.8,193,ChIJb_4JY4-b4jARg78_CBzEl8Q
Nonthaburi,ร้านขายแอร์ อะไหล่แอร์บ้าน ปทุมธานี และให้บริการ ล้างแอร์ ติดตั้งแอร์ ซ่อมแอร์ ย้ายแอร์ โดย บจก. วรัญญาแอร์,"10/90-10/91 หมู่ 4, Mueang Pathum Thani District, Pathum Thani 12000, Thailand",+66 2 581 7214,4.8,17,ChIJXR37t7qG4jARksTuYHhfLJc
Nonthaburi,ร้าน99แอร์บ้านราคาถูก รับติดแอร์ ล้างแอร์,"69 20, Maha Sawat, Bang Kruai District, Nonthaburi 11130, Thailand",+66 87 076 0937,4.8,10,ChIJ-8Lq2Nib4jAR1JwdStp8qcY
Nonthaburi,บริษัท เอพีแอล แอร์ เซอร์วิส แอนด์ คอนสทรัคชั่น จำกัด,"Ratchadaphisek Rd, Din Daeng, Bangkok 10900, Thailand",+66 94 392 2399,4.7,43,ChIJ9zPetcmf4jARzHNRxXzT9ho
Nonthaburi,ร้านโชคชัยแอร์บ้าน,"679/3 Soi Lat Phrao 48, Samsen Nok, Huai Khwang, Bangkok 10310, Thailand",+66 87 676 7986,4.9,44,ChIJqUNyQ8-d4jARbD5RVoP5k_o
Nonthaburi,👍🧑‍🔧ร้าน KCเค.ซี.แอร์คูลลิ่ง ดอนเมือง ร้านแอร์ดอนเมือง ช่างแอร์ดอนเมือง ล้างแอร์ ซ่อมแอร์ ติดตั้ง แอร์ ดอนเมือง ครบวงจร,"288 Kosumruamjai Rd, Don Mueang, Bangkok 10210, Thailand",+66 89 078 8897,4.8,12,ChIJ91H2sv6C4jARsLwJWjrM-lU
Nonthaburi,ล้างแอร์ by C A P,"1178, 113 ซอย พหลโยธิน 32, Khwaeng Sena Nikhom, Khet Chatuchak, Bangkok 10900, Thailand",+66 94 951 6543,4.9,68,ChIJ3WPD_dVt1k0R3Icfzhkjb1w
Nonthaburi,ดีพร้อมแอร์ แอร์บ้านราคาถูก,"99 Borommaratchachonnani Rd, Sala Thammasop, Thawi Watthana, Bangkok 10170, Thailand",+66 90 005 0050,4.8,134,ChIJ4cffysqW4jAR_8iiYsYQTDg
Nonthaburi,ฟรีสไตล์ แอร์บ้าน,"49/52 หมู่6 หมู่บ้านบางใหญ่ซิตี้, ถนนตลิ่งชัน-สุพรรณบุรี, ตำบลบางเสาธงหิน อำเภอยางใหญ่, Nonthaburi 11140, Thailand",+66 89 494 8616,5,19,ChIJHXoDJSaQ4jARmwsb6H3oc9E
Nonthaburi,หจก.ไนซ์แอร์&โฮมเซอร์วิส บริการติดตั้งซ่อมย้ายล้างแอร์บ้าน จำหน่ายแอร์ใหม่และมือ2,"59, 41 ช Soi Mu Ban Cho Rungrueang 8, Phimon Rat, Bang Bua Thong District, Nonthaburi 11110, Thailand",+66 94 731 4698,4.6,18,ChIJN2KN9v2P4jARWSxGOtf2wKU
Nonthaburi,บริษัท เจเอสบี แอร์ แอนด์ เซอร์วิส จำกัด,"126, 252-255 Soi Rarm Intra 40, Nuan Chan, Bueng Kum, Bangkok 10230, Thailand",+66 81 888 1682,3.8,52,ChIJMd_v8MFiHTERxM2z1YPlYNw
Nonthaburi,Pluempiti Air & Service,"100, 481 Chang Watthana 10 Alley, Thung Song Hong, Lak Si, Bangkok 10210, Thailand",+66 89 303 9969,4.8,14,ChIJdXxNVeeC4jARw1gQVxd4ePY
Nonthaburi,ซีทีแอร์แอนด์ซัพพลายเซอร์วิสสาขาวังหิน63,"8/14 Lad Prao Wanghin Rd, Lat Phrao, Bangkok 10230, Thailand",+66 85 140 4794,4.3,4,ChIJZXQIt6ad4jARfZ_UQH7bd9E
Nonthaburi,เซ็นเตอร์ แอร์ แอนด์ เซอร์วิส,"59 หมู่บ้านนวรัตน์, 49 Chan Thong Iam Rd, Bang Rak Phatthana, Bang Bua Thong District, Nonthaburi 11110, Thailand",+66 86 893 4024,4.2,13,ChIJP_sKg-iP4jARjCErLbxvO10
Nonthaburi,ล้างแอร์บ้าน ราคาถูก ดินแดง,"139, 54 ซ. ประชาสงเคราะห์ 33, Ratchadaphisek, Din Daeng, Bangkok 10400, Thailand",+66 81 413 8417,4.6,9,ChIJrYURR1evgIARhl3h6lGfO18
Nonthaburi,รัชดาแอร์บ้าน by afkk,"310, 30-31 Thanon Song Prapha, Khwaeng Si Kan, Don Mueang, Bangkok 10210, Thailand",,,,ChIJR2oWu--f4jAR6ldsHnM4coQ
Nonthaburi,ศิริศักดิ์ หมอแอร์,"122, 4 Lat Phrao 37 Alley, Chan Kasem, Chatuchak, Bangkok 10900, Thailand",+66 96 852 2205,4.9,41,ChIJKbhQ6GCd4jARo13-gNS1420
Nonthaburi,ห้างหุ้นส่วนจำกัด พี.เอ็ม.เซอร์วิส เครื่องเย็น,"119, 121 Charan Sanit Wong Rd, Bang O, Bang Phlat, Bangkok 10700, Thailand",+66 2 424 5178,4.7,19,ChIJJ002lsKb4jARdIT4XwRuBfs
Nonthaburi,โปรแอร์ เซอร์วิส,"9, 60, Bang Mae Nang, Bang Yai District, Nonthaburi 11140, Thailand",+66 2 096 4959,4.5,39,ChIJYaHB3E2O4jARLkR8FDkxUCw
Pathum Thani,ล้างแอร์.คลองสามเนรมิตรแอร์services,"2, หมู่บ้านไทยสมบูรณ์, 34 460, คลองสาม Khlong Luang District, Pathum Thani 12120, Thailand",+66 92 752 4101,4.7,68,ChIJ6dHB-s9_HTERAJRWQeUdAuM
Pathum Thani,ร้านขายแอร์ อะไหล่แอร์บ้าน ปทุมธานี และให้บริการ ล้างแอร์ ติดตั้งแอร์ ซ่อมแอร์ ย้ายแอร์ โดย บจก. วรัญญาแอร์,"10/90-10/91 หมู่ 4, Mueang Pathum Thani District, Pathum Thani 12000, Thailand",+66 2 581 7214,4.8,17,ChIJXR37t7qG4jARksTuYHhfLJc
Pathum Thani,PCAC,"371 Rangsit - Nakhon Nayok Rd, Prachathipat, Thanyaburi District, Pathum Thani 12130, Thailand",+66 81 581 0400,5,10,ChIJSd4XDH99HTERqrjJnxHXd9o
Pathum Thani,บริษัท สมหวัง เอ็นจิเนียริ่งแอนด์ซัพพลาย จำกัด (แอร์บ้าน-แอร์โรงงาน network security cctv),"40, 3 ซ. ลายเงิน, Tambon Lat Sawai, Lam Luk Ka District, Pathum Thani 12150, Thailand",+66 64 324 7499,5,13,ChIJqasCk3F_HTER6NpKRneg1-Q
Pathum Thani,อาณาจักรแอร์,"49/424 มบ, ซ. บุศรินทร์ 1, Khu Khot, Lam Luk Ka District, Pathum Thani 12130, Thailand",+66 96 610 1093,4.8,58,ChIJow4aEIB5HTERiQhxcpd1wWA
Pathum Thani,ร้านแอร์ใกล้ฉัน จำหน่าย ซ่อม ติดตั้ง ล้าง ราคากันเอง,"189/86 ซอย 12 โครงการโมดิวิลล่าราชพฤกษ์ตัดใหม่, Bang Duea, Mueang Pathum Thani District, Pathum Thani 12000, Thailand",+66 94 990 9669,5,90,ChIJwT5NGwCH4jARMQOuVogdcF4
Pathum Thani,สมาร์ทแอร์คลองสาม,"123 Yothathikan Khu Khot-khlong Luang Rd, Tambon Prachathipat, Thanyaburi District, Pathum Thani 12130, Thailand",+66 86 563 9605,4.8,21,ChIJL6e19jB_HTERSRQkXyyBJ9o
Pathum Thani,ถูก ดี แอร์,"2, 59 Suphap 2 Alley, Bang Kadi, Mueang Pathum Thani District, Chang Wat Pathum Thani 12000, Thailand",+66 93 024 9394,4.8,109,ChIJZY6ELxmB4jARtJ1c8qoz_bA
Pathum Thani,DoctorAirService,"110, 5, Tambon Bang Kha Yaeng, เมือง, Pathum Thani 12000, Thailand",+66 96 362 7035,5,44,ChIJC1UW3aCH4jARTIUT4MMNjRw
Pathum Thani,อะไหล่แอร์คลอง 2,"11/14 หมู่ที่ 5, ถนนพหลโยธิน, Khu Khot, Lam Luk Ka District, Pathum Thani 12130, Thailand",+66 2 995 4525,4.8,12,ChIJlWOJf-d9HTERNxwB4lyyoO4
Pathum Thani,Pro แอร์บ้านเซอร์วิส,"127 บางบัวทอง, 21, Tambon Bang Bua Thong, Bang Bua Thong District, Nonthaburi 11110, Thailand",+66 96 773 0651,5,48,ChIJJUocWweP4jAR0Ld86qbgWUg
Pathum Thani,แอร์บ้านลาดหลุมแก้ว,"เอื้ออาทรลาดหลุมแก้ว 2 อาคาร28 87/4, Lat Lum Kaeo District, Pathum Thani 12140, Thailand",+66 85 825 7395,4.9,41,ChIJ0bzkZCiH4jARtQBZ5IMQgR8
Pathum Thani,แอร์มันนี่ ผ่อนแอร์ ติดตั้งทั่วกรุงเทพปริมณฑล,"198/1, Lam Luk Ka District, Pathum Thani 12130, Thailand",+66 86 350 1466,5,47,ChIJGwcFWct_HTERVjap3rL1EZQ
Pathum Thani,มงคลชัย แอร์,"ซอยรพช 3, Tambon Lak Hok, เมือง, Pathum Thani 12000, Thailand",+66 99 124 5688,5,12,ChIJSWRehzmC4jAR8LLKSbsAfEA
Pathum Thani,ช่างเอส ล้างแอร์บ้าน,"59/436, Lam Luk Ka District, Pathum Thani 12150, Thailand",+66 89 786 2551,4.8,43,ChIJqZclsrp9HTERi9ikYd3yN_g
Pathum Thani,ธนาชัย แอร์ เซอร์วิส,"71 หมู่2 หมู่บ้านรัตนโกสิน200ปี, 10 Rangsit-Pathum Thani Rd, Prachathipat, Thanyaburi District, Pathum Thani 12130, Thailand",+66 93 478 9398,4.5,4,ChIJP5jSL8WB4jARmYnKuDrBTe0
Pathum Thani,ร้านแอร์ใกล้ฉัน บ้านแอร์ เซอร์วิส,"189, 7 Ban Phunsi Soi 1, Bang Khayaeng, Mueang Pathum Thani District, Pathum Thani 12000, Thailand",+66 80 304 6082,5,29,ChIJn7YOIgCH4jARbiD9WkUNV-Y
Pathum Thani,KTYAIR ล้างแอร์ลำลูกกา รังสิต ปทุมธานี,"99 หมู่บ้านสิรีธร, 93 Lam Luk Ka Rd, Tambon Khu Khot, Lam Luk Ka District, Pathum Thani 12130, Thailand",+66 82 899 6988,4.4,66,ChIJ0UjUCZB9HTERmorEP4AbSOU
Pathum Thani,หจก.อัมรินทร์แอร์ แอนด์ เซอร์วิส,"11, 14 หมู่5 Phahonyothin Rd, Khu Khot, Lam Luk Ka District, Pathum Thani 12130, Thailand",+66 81 845 1020,4.3,21,ChIJ82bsf919HTERU4c6lOEuzsc
Pathum Thani,ช่างคิงแอร์บ้าน จำหน่าย-ล้าง-ซ่อม-ติดตั้ง รังสิต ปทุมธานี,"35/227 หมู่บ้านอินนิซิโอ1, Khlong Sam, Khlong Luang District, Pathum Thani 12120, Thailand",+66 80 545 0432,4.8,39,ChIJt-ghZKd_HTERt-vpS49zq5A
Nakhon Pathom,ล้างแอร์นครปฐม ติดตั้งแอร์นครปฐม เฟิสท์แอร์เซอร์วิส,"19 Araya Alley, Tambon Phra Prathom Chedi, เมือง, Nakhon Pathom 73000, Thailand",+66 84 299 5887,5,29,ChIJJT2SDJzl4jARdCH4QRnXkYc
Nakhon Pathom,"โอแอร์บ้านล้าง 1 ตัว 500 บาท/12,000 Btu","39, 23 หมู่ที่ 9 Sisa Khu Rd, Tambon Lam Phaya, Mueang Nakhon Pathom District, Nakhon Pathom 73000, Thailand",+66 92 296 5944,5,14,ChIJF22BHD7n4jARw3SwtQDRCjg
Nakhon Pathom,สุเจริญแอร์,"Phet Kasem Rd, Phra Prathon, เมือง, Nakhon Pathom 73000, Thailand",+66 86 668 9938,4.2,13,ChIJVTtV6UTv4jARq9f8Jkvcj20
Nakhon Pathom,เฟิสท์แอร์บ้าน ช่างแอร์นครปฐม ล้างแอร์นครปฐม,"19/19, Mueang Nakhon Pathom District, Nakhon Pathom 73000, Thailand",+66 84 299 5887,5,40,ChIJtUqWq-_l4jARVAFw10tf6mc
Nakhon Pathom,"ส.เทอร์โมบัส อะหลั่ยแอร์รถบัส,รถบรรทุก","999/148, เมือง, Nakhon Pathom 73000, Thailand",,5,1,ChIJuVEjbDrn4jARalj7MJ84YdQ
Nakhon Pathom,ร้านรักษ์แอร์​ นครปฐม,"96, 8, Thammasala, Mueang Nakhon Pathom District, Nakhon Pathom 73000, Thailand",+66 88 544 6900,3.6,8,ChIJK9Mcfz_v4jARZlOHggSDSRY
Nakhon Pathom,บริการล้างแอร์บ้าน เค.ที.แอร์ แอนด์เซอร์วิส ช่างแอร์นครปฐม ล้างแอร์นครปฐม,"หมู่บ้านมณฑาทิพย์ 5 เลขที่ 88/75, เมือง, Nakhon Pathom 73000, Thailand",+66 99 128 8886,4.8,24,ChIJPahgePTn4jAR1P83ezHaXE0
Nakhon Pathom,เจนการไฟฟ้า ร้านแอร์นครปฐม,"1158, 5 Phet Kasem Rd, Sanam Chan Sub-district, Mueang Nakhon Pathom District, Nakhon Pathom 73000, Thailand",+66 63 195 3388,5,4,ChIJnQiestDl4jARZw8lrCJdI-A
Nakhon Pathom,"AIRZONE COOLING PART CO., LTD.","339 Malaiman Rd, Tambon Nong Pak Long, Mueang Nakhon Pathom District, Nakhon Pathom 73000, Thailand",+66 34 102 330,4.8,16,ChIJvaQcU8_l4jARiehB58dSeIE
Nakhon Pathom,พรานแอร์,"117/18-19 หมู่2, Phet Kasem Rd, ตำบลคลองใหม่ Sam Phran District, Nakhon Pathom 73110, Thailand",+66 34 220 551,3.9,7,ChIJ0czPerTr4jARvIijLEv0B1M
Nakhon Pathom,ไทยวัฒนาแอร์,"123 Rajvithee Rd, Tambon Phra Prathom Chedi, Mueang Nakhon Pathom District, Nakhon Pathom 73000, Thailand",+66 34 253 865,4.1,87,ChIJ3yUQz8Pl4jARzhu4rs_quu0
Nakhon Pathom,บอสแอร์บ้านคลูลิ่ง ล้างแอร์ ซ่อมแอร์ ติดตั้งแอร์,"51 1, Bang Phra, Nakhon Chai Si District, Nakhon Pathom 73120, Thailand",+66 63 823 4306,5,28,ChIJ0zwyawDz4jAR_uzATjDNDcw
Nakhon Pathom,กิจดำรงค์แอร์ บางแขม,"57, 11, Tambon Bang Khaem, Mueang Nakhon Pathom District, Chang Wat Nakhon Pathom 73000, Thailand",+66 81 234 5293,5,2,ChIJFXreapnl4jARxUKJNs1S4wQ
Nakhon Pathom,สุภณัท แอร์รถยนต์ แอร์บ้าน,"Unnamed Road, Tambon Bo Phlap, Mueang Nakhon Pathom District, Nakhon Pathom 73000, Thailand",+66 87 759 8414,4.9,121,ChIJf3EI3prv4jARaSPFmk_tCkI
Nakhon Pathom,ศรัณย์แอร์นครปฐม,"337/8 Soi Suan Lamyai, Tambon Phra Prathom Chedi, Mueang Nakhon Pathom District, Nakhon Pathom 73000, Thailand",+66 93 394 0406,5,1,ChIJe1HyfuXl4jARjDhpc0YHriY
Nakhon Pathom,ช่างเก๋เจริญแอร์,"R364+QQ7, Tambon Sanam Chan, Mueang Nakhon Pathom District, Nakhon Pathom 73000, Thailand",+66 85 184 3686,5,31,ChIJbwqUlyjl4jARPCQJ9dZsSVQ
Nakhon Pathom,ล้างแอร์บ้าน ( ติดตั้ง / ถอด / ล้าง ),"ช่างเอ็ม แอร์บ้าน นครชัยศรี 51 / 31 ม.3, Nakhon Chai Si District, Nakhon Pathom 73120, Thailand",+66 84 393 2624,5,3,ChIJE5Y4fHPr4jAR8XLbKCuh0AA
Nakhon Pathom,ซีทีแอร์แอนด์ซัพพลายเซอร์วิส สาขานครปฐม,"22, 10, Sisa Thong, Nakhon Chai Si District, Nakhon Pathom 73120, Thailand",+66 85 140 4794,3.7,12,ChIJz5rPl9nu4jARqKZb2lEd7X4
Nakhon Pathom,ร้านเคเอแอร์แอนด์เซอร์วิส,"56 Nawang Rd, Nakhon Pathom, Mueang Nakhon Pathom District, Nakhon Pathom 73000, Thailand",+66 89 518 3627,5,2,ChIJaVkubADl4jARQjE_N6wq0Ak
Nakhon Pathom,ช.เจริญแอร์,"31, 55, Tha Talat, Sam Phran District, Nakhon Pathom 73110, Thailand",+66 84 459 9451,4.2,5,ChIJV1Ll9lXq4jARy6Gy0ezGGPA
Samut Sakhon,หจก.โฮมแอร์เซล,"158, 10 ม.5, Phanthai Norasing, Mueang Samut Sakhon District, Samut Sakhon 74000, Thailand",+66 81 304 0087,4.9,13,ChIJCT_Yvb2-4jAR9FfEEFi4j4k
Samut Sakhon,ล้างแอร์พระราม2 แสมดำ บางขุนเทียน,"357ม4, 88 Rama II Rd, Samae Dam, Bang Khun Thian, Bangkok 10150, Thailand",+66 96 379 2822,4.5,27,ChIJhwe6bVq94jARDPbVYRzobdg
Samut Sakhon,ร้านแอร์สมุทรสาคร แอร์สมุทรสาคร .com,"หมู่ที่ 6, 118/386 ซอย10, Tha Sai, Mueang Samut Sakhon District, Samut Sakhon 74000, Thailand",+66 85 183 3028,4.2,14,ChIJ14F9amm44jARgxFcRozdsQQ
Samut Sakhon,ภาคิน แอร์ แอนด์ เซอร์วิส,"Tha Sai, Mueang Samut Sakhon District, Samut Sakhon 74000, Thailand",+66 64 130 5554,4.5,15,ChIJSSYoYR254jARxSfn-N1PRk0
Samut Sakhon,เจ.เจ.แอร์,"942, 77 Setthakij 1 Rd, Tambon Tha Sai, อำเภอเมือง, Samut Sakhon 74000, Thailand",+66 34 816 259,4.3,3,ChIJx7UhxmK44jARdyXwaeJQnrY
Samut Sakhon,เจเอ็มซี แอร์ คูลเนส,"27, 14 Setthakij 1 Rd, Na Di, Mueang Samut Sakhon District, Samut Sakhon 74000, Thailand",+66 94 687 1414,4.6,26,ChIJKQiRtMu44jARy_IWwh6qPG8
Samut Sakhon,ณัฐชนน แอร์&เซอร์วิส,"20 ชัยมงคล, 21, Tambon Chaimongkhon, เมือง, Samut Sakhon 74000, Thailand",+66 92 656 0020,4.9,18,ChIJwXf02ty54jARfaRaNlCytc8
Samut Sakhon,หนึ่งแอร์ บางกระดี่ เซอร์วิส ล้างติดตั้งแอร์พระราม2,"74 Soi Sakae Ngam 14, Samae Dam, Bang Khun Thian, Bangkok 10150, Thailand",+66 95 509 5419,5,24,ChIJvbJqooW94jARUIrgY6c1fkI
Samut Sakhon,เฉลิมชัย แอร์,"มหาชัย, Maha Chai, Mueang Samut Sakhon District, Samut Sakhon 74000, Thailand",+66 87 698 9451,4.6,9,ChIJW-2ViXC44jARbLoPAkkWh6I
Samut Sakhon,มาณพแอร์(ช่างตี๋) &ไฟฟ้าเซอร์วิส,"J8JF+WW6 ตำบล แคราย อำเภอกระทุ่มแบน, บางน้ำจืด เมือง, Samut Sakhon 74000, Thailand",+66 95 485 5015,5,13,ChIJc2ddDgC_4jARPIWfm5yOf4I
Samut Sakhon,ช่างแอร์พระราม 2 แสมดำ บางขุนเทียน สะแกงาม ท่าข้าม เทียนทะเล พันท้ายนรสิงห์ บางบอน บางมด ทุ่งครุ และระแวกใกล้เคียง,"100, 473 Bang Khun Thian-Chai Thalae Rd, Phanthai Norasing, Mueang Samut Sakhon District, Samut Sakhon 74000, Thailand",+66 86 982 4741,5,106,ChIJU25tPOq74jARHoXZELE_dFQ
Samut Sakhon,ช่างแอร์พระราม2 ช่างกล้องวงจรปิด CCTV ช่างไฟฟ้า ช่างติดตั้งเครื่องทำน้ำอุ่น,"357, 88 ซอย พระรามสอง, Samae Dam, Bang Khun Thian, Bangkok 10150, Thailand",+66 96 379 2822,4.6,22,ChIJj5ke_Oi94jAR6hnyWn_Za08
Samut Sakhon,บริษัท อั๋นแอร์ แอนด์ อิเล็คทรอนิคส์2563 จำกัด,"62, 68 ม.2, Na Di, Mueang Samut Sakhon District, Samut Sakhon 74000, Thailand",+66 82 356 5506,4.6,20,ChIJD-glzx-54jARh80vGkaT5hE
Samut Sakhon,ร้านทักษ์แอร์เซอร์วิส,"57 ท่าทราย, 12, Tambon Tha Sai, Mueang Samut Sakhon District, Samut Sakhon 74000, Thailand",+66 83 285 8422,4.7,46,ChIJdeK2M4rH4jARGkC53xONDHI
Samut Sakhon,บริษัท เอกมงคลชัย อีควิปเม้นท์ จำกัด,"1427, 1429 Ekkachai Rd, Bang Bon Tai, Khet Bang Bon, Bangkok 10150, Thailand",+66 2 894 8841,4.7,30,ChIJew4g6ei94jARvtUAXowWdpo
Samut Sakhon,วีเอสซี แอร์,"119, 329 Soi Mu Ban Kanda Ban Rim Khlong 3, Phanthai Norasing, Mueang Samut Sakhon District, Samut Sakhon 74000, Thailand",+66 91 887 8516,5,2,ChIJCzoSSAC74jARV217-xVeCpQ
Samut Sakhon,ที.อาร์.อะไหล่แอร์,"189/730, Phanthai Norasing, Mueang Samut Sakhon District, 74000, Thailand",+66 88 297 9794,5,3,ChIJTQvOcIC74jARmCDP7TxYHMg
Samut Sakhon,ชลธารแอร์,"420/96, Samae Dam, Bang Khun Thian, Bangkok 10150, Thailand",+66 81 923 9686,5,3,ChIJi0d-zXej4jAR_-7y57MuA0I
Samut Sakhon,ร้านปรีชาแอร์ พระราม2,"JCP8+C9M, Soi Sakae Ngam 14, Samae Dam, Bang Khun Thian, Bangkok 10150, Thailand",+66 91 036 8518,5,1,ChIJ0xx3qke94jARa-a3GmmwMno
Samut Sakhon,ร้านแอร์ดี เซลล์ แอนด์ เซอร์วิส,"H88M+MC3, สค.5031, Khok Kham, Mueang Samut Sakhon District, Samut Sakhon 74000, Thailand",+66 81 489 8572,5,2,ChIJ76CTWnG54jAR3acTt_yZTN0